emotion,intensity
anger,0.9838079543728906
disgust,0.9343362382551901
fear,0.9799553686010053
joy,0.9903770809025586
neutral,0.9538414626603643
sadness,0.9557244456939398
surprise,0.9579911364355809
