emotion,mean_jaccard,mean_cosine
disgust,0.24004621404684687,0.24531340519973102
sadness,0.24619775533349986,0.23350765017193814
joy,0.24089035890721588,0.2595227526816546
surprise,0.2401376978053662,0.26836410296255636
anger,0.11414290355301798,0.06513055024338832
fear,0.24535545823840768,0.23910290250346813
